Workbook
Name Ada: 'ANA SAYFA'!$C$8
Name idare: Listeler!$A$2:$A$14
Name idare1: Listeler!$A$2:$A$16
Name İlçe: 'ANA SAYFA'!$C$4
Name Mahalle: 'ANA SAYFA'!$C$5
Name Mevkii: 'ANA SAYFA'!$C$6
Name Pafta: 'ANA SAYFA'!$C$7
Name Parsel: 'ANA SAYFA'!$C$9
Name Sahibi: 'ANA SAYFA'!$C$2
Name z: Listeler!$A$2:$A$14

Sheet ANA SAYFA
B2: İŞİ ADI | C2: AY-TOKLAR Mob. Gıd. Tur. Ltd. Şti.
B3: İL | C3: Çanakkale
B4: İLÇE | C4: Bayramiç
B5: Mahalle | C5: Camicedit
B6: MEVKİİ | C6: -
B7: Pafta | C7: -
B8: Ada | C8: 557
B9: Parsel | C9: 1
B10: Kat adeti | C10: 4
B11: İlgili İdare | C11: Bayramiç Belediyesi
B12: Yapı Adresi | C12: Camicedit Mah. Bayramiç Çanakkale

Sheet ÖN ARKA KAPAK
B8: Sahibi | C8: : | D8: ='ANA SAYFA'!C2 -> AY-TOKLAR Mob. Gıd. Tur. Ltd. Şti.
B10: İli | C10: : | D10: ='ANA SAYFA'!C3 -> Çanakkale
B12: İlçesi | C12: : | D12: ='ANA SAYFA'!C4 -> Bayramiç
B14: ='ANA SAYFA'!B5 -> Mahalle | C14: : | D14: ='ANA SAYFA'!C5 -> Camicedit
B16: Mevkii | C16: : | D16: ='ANA SAYFA'!C6 -> -
B18: Pafta No | C18: : | D18: ='ANA SAYFA'!C7 -> -
B20: Ada No | C20: : | D20: ='ANA SAYFA'!C8 -> 557
B22: Parsel No | C22: : | D22: ='ANA SAYFA'!C9 -> 1
A23: JEOLOJİK-JEOFİZİK VERİ RAPORU VE
A25: JEOTEKNİK ETÜT RAPORU
A27: HAZIRLAYAN
A28: UB ZEMİN MÜHENDİSLİK
A29: İsmetpaşa Mh. Hasan Mevsuf Sk. No :4 Da:5 MERKEZ/ÇANAKKALE
A31: Tel : 0 286 213 06 69
A34: ='ANA SAYFA'!C11 -> Bayramiç Belediyesi
A35: Şubat 2019

Sheet SD
I1: SAYI | J1: :2017 /03_JF
A2: KONU | B2: :Arazi Çalışması | I2: KONU | J2: :Arazi Çalışması | W2: =TODAY() -> 46113
A6: ÇANAKKALE BELEDİYESİ BAŞKANLIĞI’NA | I6: ÇANAKKALE BELEDİYESİ BAŞKANLIĞI’NA | Q6: ÇANAKKALE BELEDİYESİ BAŞKANLIĞI’NA
A7: (İmar ve Şehircilik Müdürlüğü) | I7: (İmar ve Şehircilik Müdürlüğü) | Q7: (İmar ve Şehircilik Müdürlüğü)
A12: Gereğinin yapılmasını arz ederiz. | I12: Gereğinin yapılmasını arz ederiz.
A14: Projeye Ait Bilgiler | I14: Projeye Ait Bilgiler | Q14: Projeye Ait Bilgiler
O15: Suat ERGİN | W15: Suat ERGİN
A16: İşin Adı : | B16: ='ANA SAYFA'!C2 -> AY-TOKLAR Mob. Gıd. Tur. Ltd. Şti. | I16: İşin Adı : | J16: ='ANA SAYFA'!C2 -> AY-TOKLAR Mob. Gıd. Tur. Ltd. Şti. | O16: 32563220328 | Q16: İşin Adı : | R16: ='ANA SAYFA'!C2 -> AY-TOKLAR Mob. Gıd. Tur. Ltd. Şti. | W16: 32563220328
A17: İl : | B17: ='ANA SAYFA'!C3 -> Çanakkale | I17: İl : | J17: ='ANA SAYFA'!C3 -> Çanakkale | Q17: İl : | R17: ='ANA SAYFA'!C3 -> Çanakkale
A18: İlçe : | B18: ='ANA SAYFA'!C4 -> Bayramiç | I18: İlçe : | J18: ='ANA SAYFA'!C4 -> Bayramiç | Q18: İlçe : | R18: ='ANA SAYFA'!C4 -> Bayramiç
A19: Köy : | B19: ='ANA SAYFA'!C5 -> Camicedit | I19: Mahalle : | J19: ='ANA SAYFA'!C5 -> Camicedit | Q19: Mahalle : | R19: ='ANA SAYFA'!C5 -> Camicedit
A20: Pafta : | B20: ='ANA SAYFA'!C7 -> - | I20: Pafta : | J20: ='ANA SAYFA'!C7 -> - | Q20: Pafta : | R20: ='ANA SAYFA'!C7 -> -
A21: Ada : | B21: ='ANA SAYFA'!C8 -> 557 | I21: Ada : | J21: ='ANA SAYFA'!C8 -> 557 | Q21: Ada : | R21: ='ANA SAYFA'!C8 -> 557
A22: Parsel : | B22: ='ANA SAYFA'!C9 -> 1 | I22: Parsel : | J22: ='ANA SAYFA'!C9 -> 1 | Q22: Parsel : | R22: ='ANA SAYFA'!C9 -> 1
A25: İsmetpaşa Mh. Hasan Mevsuf Sk. No :4 Da:5 | I25: İsmetpaşa Mh. Hasan Mevsuf Sk. No :4 Da:5 | Q25: İsmetpaşa Mh. Hasan Mevsuf Sk. No :4 Da:5
A26: No:48 Da:1 ÇANAKKALE | I26: No:48 Da:1 ÇANAKKALE | Q26: No:48 Da:1 ÇANAKKALE
A27: Tel: 05322811295 | I27: Tel: 05322811295 | Q27: Tel: 05322811295

Sheet tahhütname
A3: TAAHHÜTNAME | J3: TAAHHÜTNAME | S3: TAAHHÜTNAME
A4: Oda Sicil No :1982 | B4: : | C4: 1982 | J4: Oda Sicil No :1982 | K4: : | L4: 7400 | S4: Oda Sicil No :1982 | T4: : | U4: 72442 | W4: TC:21739947114
A5: Unvanı | B5: : | C5: JEOFİZİK MÜHENDİSİ | J5: Unvanı | K5: : | L5: JEOLOJİ MÜHENDİSİ | S5: Unvanı | T5: : | U5: İnşaat Yük. Mühendisi (Geoteknik)
A6: Adresi | B6: : | C6: İsmetpaşa Mh. Hasan Mevsuf Sk. No :4 Da:5 | J6: Adresi | K6: : | L6: İsmetpaşa Mh. Hasan Mevsuf Sk. No :4 Da:5 | S6: Adresi | T6: : | U6: Odunluk Mah. Lefkoşe Cd. Mihraplı Plaza Kat:3 No:10 Nilüfer / BURSA
A7: Telefonu | B7: : | C7: 0 532 281 12 95 | J7: Telefonu | K7: : | L7: 0 545 639 90 62 | S7: Telefonu | T7: : | U7: 0(542)545 68 45
A9: Müellifliği Üstlenilen Proje | J9: Müellifliği Üstlenilen Proje | S9: Müellifliği Üstlenilen Proje
A11: İl / İlçe | C11: : | D11: ='ANA SAYFA'!C3 -> Çanakkale | E11: ='ANA SAYFA'!C4 -> Bayramiç | J11: İl / İlçe | L11: : | M11: =D11 -> Çanakkale | N11: =E11 -> Bayramiç | S11: İl / İlçe | U11: : | V11: =M11 -> Çanakkale
A12: İlgili İdare | C12: : | D12: ='ANA SAYFA'!C11 -> Bayramiç Belediyesi | J12: İlgili İdare | L12: : | M12: =D12 -> Bayramiç Belediyesi | S12: İlgili İdare | U12: : | V12: =M12 -> Bayramiç Belediyesi
A13: Pafta/Ada/Parsel No | C13: : | D13: ='ANA SAYFA'!C7 -> - | F13: ='ANA SAYFA'!C8 -> 557 | G13: ='ANA SAYFA'!C9 -> 1 | J13: Pafta/Ada/Parsel No | L13: : | M13: =D13 -> - | O13: =F13 -> 557 | P13: =G13 -> 1 | S13: Pafta/Ada/Parsel No | U13: : | V13: =M13 -> - | X13: =O13 -> 557 | Y13: =P13 -> 1
A14: Yapı Adresi | C14: : | D14: =D16 -> Camicedit Mah. Bayramiç Çanakkale | J14: Yapı Adresi | L14: : | M14: =D14 -> Camicedit Mah. Bayramiç Çanakkale | S14: Yapı Adresi | U14: : | V14: =M14 -> Camicedit Mah. Bayramiç Çanakkale
A15: Yapı Sahibi | C15: : | D15: ='ANA SAYFA'!C2 -> AY-TOKLAR Mob. Gıd. Tur. Ltd. Şti. | J15: Yapı Sahibi | L15: : | M15: =D15 -> AY-TOKLAR Mob. Gıd. Tur. Ltd. Şti. | S15: Yapı Sahibi | U15: : | V15: =M15 -> AY-TOKLAR Mob. Gıd. Tur. Ltd. Şti.
A16: Yapı Sahibinin Adresi | C16: : | D16: ='ANA SAYFA'!C12 -> Camicedit Mah. Bayramiç Çanakkale | J16: Yapı Sahibinin Adresi | L16: : | M16: =D16 -> Camicedit Mah. Bayramiç Çanakkale | S16: Yapı Sahibinin Adresi | U16: : | V16: =M16 -> Camicedit Mah. Bayramiç Çanakkale
A17: Projenin Türü | C17: : | D17: ZEMİN ETÜDÜ RAPORU | J17: Projenin Türü | L17: : | M17: ZEMİN ETÜDÜ RAPORU | S17: Projenin Türü | U17: : | V17: Geoteknik Rapor
F30: =TODAY() -> 46113 | O30: =TODAY() -> 46113
F31: Suat ERGİN | O31: Gökalp DOĞAN | X31: Nesrin Selcen TÜRKYILMAZ
F32: Jeofizik Mühendisi | O32: Jeoloji Mühendisi | X32: İnşaat Mühendisi

Sheet Mal Sahibi
A2: ÇANAKKALE BELEDİYESİ BAŞKANLIĞI’NA
A3: (İmar ve Şehircilik Müdürlüğü)
A12: Projeye Ait Bilgiler | H12: Mal Sahibi
H13: Ad Soyad
H14: TC NO
A15: İl | B15: : | C15: ='ANA SAYFA'!C3 -> Çanakkale | H15: İmza
A16: İlçe | B16: : | C16: ='ANA SAYFA'!C4 -> Bayramiç
A17: Mahalle | B17: : | C17: ='ANA SAYFA'!C5 -> Camicedit
A18: Pafta | B18: : | C18: ='ANA SAYFA'!C7 -> -
A19: Ada | B19: : | C19: ='ANA SAYFA'!C9 -> 1
A20: Parsel | B20: : | C20: ='ANA SAYFA'!#REF! -> #REF!
A22: Ekler
A23: 1 | B23: . | C23: Jeoloji Mühendisi Taahütnamesi
A24: 2 | B24: . | C24: Jeofizik Mühendisi Taahütnamesi
A25: 3 | B25: . | C25: İnşaat Mühendisi Taahütnamesi
A26: 4 | B26: . | C26: Tapu ve İmar Durumu Fotokopisi
A27: 5 | B27: . | C27: Temel Aplikasyon ve Kesitleri Fotokopisi
A28: 6 | B28: . | C28: Zemin Etüdü (2adet )
A29: 7 | B29: . | C29: Geoteknik Rapor (2 adet)

Sheet Listeler
A1: İlgili İdare
A2: Ayvacık Belediyesi
A3: Bayramiç Belediyesi
A4: Biga Belediyesi
A5: Bozcaada Belediyesi
A6: Çan Belediyesi
A7: Çanakkale Belediyesi
A8: Çardak Belediyesi
A9: Eceabat Belediyesi
A10: Ezine Belediyesi
A11: Gökçeada Belediyesi
A12: Geyikli Belediyesi
... A16: Çevreve Şehircilik İl Müdürlüğü
